{"cameraMode":{"drawMode":0,"name":"Shaded","section":"Shading Mode"},"sceneLighting":true,"audioPlay":false,"sceneViewState":{"showFog":true,"showMaterialUpdate":false,"showSkybox":true,"showFlares":true,"showImageEffects":true,"showParticleSystems":true},"in2DMode":false,"pivot":{"x":228.4853973388672,"y":4.4844207763671879,"z":-38.33736038208008},"rotation":{"x":0.0985196903347969,"y":-0.18840067088603974,"z":0.018985683098435403,"w":0.9769713878631592},"size":120.74562072753906,"orthographic":true}