{"cameraMode":{"drawMode":0,"name":"Shaded","section":"Shading Mode"},"sceneLighting":true,"audioPlay":false,"sceneViewState":{"showFog":true,"showMaterialUpdate":false,"showSkybox":true,"showFlares":true,"showImageEffects":true,"showParticleSystems":true},"in2DMode":false,"pivot":{"x":248.8446807861328,"y":13.205713272094727,"z":36.499752044677737},"rotation":{"x":0.1754830777645111,"y":-0.00443017203360796,"z":0.0007896653842180967,"w":0.9844730496406555},"size":1687.021240234375,"orthographic":true}