{"cameraMode":{"drawMode":0,"name":"Shaded","section":"Shading Mode"},"sceneLighting":true,"audioPlay":false,"sceneViewState":{"showFog":true,"showMaterialUpdate":false,"showSkybox":true,"showFlares":true,"showImageEffects":true,"showParticleSystems":true},"in2DMode":false,"pivot":{"x":-1101.059326171875,"y":88.4468994140625,"z":-333.50634765625},"rotation":{"x":0.16482292115688325,"y":-0.10336337983608246,"z":0.017358513548970224,"w":0.9807565212249756},"size":314.538818359375,"orthographic":true}