{"cameraMode":{"drawMode":0,"name":"Shaded","section":"Shading Mode"},"sceneLighting":true,"audioPlay":false,"sceneViewState":{"showFog":true,"showMaterialUpdate":false,"showSkybox":true,"showFlares":true,"showImageEffects":true,"showParticleSystems":true},"in2DMode":false,"pivot":{"x":-16.081628799438478,"y":5.655529499053955,"z":-8.3187255859375},"rotation":{"x":-0.05046842619776726,"y":-0.14093713462352754,"z":0.007198040839284658,"w":-0.9887312054634094},"size":1197.78857421875,"orthographic":true}