{"cameraMode":{"drawMode":0,"name":"Shaded","section":"Shading Mode"},"sceneLighting":true,"audioPlay":false,"sceneViewState":{"showFog":true,"showMaterialUpdate":false,"showSkybox":true,"showFlares":true,"showImageEffects":true,"showParticleSystems":true},"in2DMode":false,"pivot":{"x":-411.80230712890627,"y":59.34056854248047,"z":-101.56636047363281},"rotation":{"x":-0.30172353982925417,"y":0.1259457916021347,"z":-0.040249139070510867,"w":-0.9441962242126465},"size":1370.439208984375,"orthographic":true}