{"cameraMode":{"drawMode":0,"name":"Shaded","section":"Shading Mode"},"sceneLighting":true,"audioPlay":false,"sceneViewState":{"showFog":true,"showMaterialUpdate":false,"showSkybox":true,"showFlares":true,"showImageEffects":true,"showParticleSystems":true},"in2DMode":false,"pivot":{"x":9.203872680664063,"y":15.6171875,"z":-14.803518295288086},"rotation":{"x":-0.31309273838996889,"y":0.6768646836280823,"z":-0.3950468897819519,"w":-0.5364606976509094},"size":9.708067893981934,"orthographic":true}