{"cameraMode":{"drawMode":0,"name":"Shaded","section":"Shading Mode"},"sceneLighting":true,"audioPlay":false,"sceneViewState":{"showFog":true,"showMaterialUpdate":false,"showSkybox":true,"showFlares":true,"showImageEffects":true,"showParticleSystems":true},"in2DMode":false,"pivot":{"x":1671.0389404296875,"y":-30.308563232421876,"z":317.3495178222656},"rotation":{"x":0.3145255744457245,"y":-0.1022544577717781,"z":0.034100692719221118,"w":0.9431143999099731},"size":788.359619140625,"orthographic":false}