{"cameraMode":{"drawMode":0,"name":"Shaded","section":"Shading Mode"},"sceneLighting":true,"audioPlay":false,"sceneViewState":{"showFog":true,"showMaterialUpdate":false,"showSkybox":true,"showFlares":true,"showImageEffects":true,"showParticleSystems":true},"in2DMode":false,"pivot":{"x":232.72438049316407,"y":-36.79636001586914,"z":43.02711486816406},"rotation":{"x":0.6520374417304993,"y":0.013650739565491677,"z":-0.011731085367500782,"w":0.7579882144927979},"size":1423.9833984375,"orthographic":true}