{"cameraMode":{"drawMode":0,"name":"Shaded","section":"Shading Mode"},"sceneLighting":false,"audioPlay":false,"sceneViewState":{"showFog":true,"showMaterialUpdate":false,"showSkybox":false,"showFlares":true,"showImageEffects":true,"showParticleSystems":true},"in2DMode":false,"pivot":{"x":0.33670949935913088,"y":-0.5141609907150269,"z":-0.7201672792434692},"rotation":{"x":0.7450022101402283,"y":-0.06161041557788849,"z":0.06948564946651459,"w":0.6605665683746338},"size":3.4577720165252687,"orthographic":false}