{"cameraMode":{"drawMode":0,"name":"Shaded","section":"Shading Mode"},"sceneLighting":false,"audioPlay":false,"sceneViewState":{"showFog":true,"showMaterialUpdate":false,"showSkybox":false,"showFlares":true,"showImageEffects":true,"showParticleSystems":true},"in2DMode":false,"pivot":{"x":-1.1920928955078126e-7,"y":0.5250961780548096,"z":-1.7881393432617188e-7},"rotation":{"x":0.04885432869195938,"y":-0.032958969473838809,"z":0.0016089666169136763,"w":0.9982662200927734},"size":2.4914462566375734,"orthographic":false}