{"cameraMode":{"drawMode":0,"name":"Shaded","section":"Shading Mode"},"sceneLighting":true,"audioPlay":false,"sceneViewState":{"showFog":true,"showMaterialUpdate":false,"showSkybox":true,"showFlares":true,"showImageEffects":true,"showParticleSystems":true},"in2DMode":false,"pivot":{"x":320.04718017578127,"y":6.825192451477051,"z":6.705873489379883},"rotation":{"x":0.44285276532173159,"y":0.026890845969319345,"z":-0.013289579190313816,"w":0.8960930705070496},"size":104.58736419677735,"orthographic":true}
