{"cameraMode":{"drawMode":0,"name":"Shaded","section":"Shading Mode"},"sceneLighting":true,"audioPlay":false,"sceneViewState":{"showFog":true,"showMaterialUpdate":false,"showSkybox":true,"showFlares":true,"showImageEffects":true,"showParticleSystems":true},"in2DMode":false,"pivot":{"x":160.85679626464845,"y":72.46488952636719,"z":-32.599483489990237},"rotation":{"x":0.4342708885669708,"y":-0.14879770576953889,"z":0.07298174500465393,"w":0.8854062557220459},"size":46.32652282714844,"orthographic":true}