{"cameraMode":{"drawMode":0,"name":"Shaded","section":"Shading Mode"},"sceneLighting":true,"audioPlay":false,"sceneViewState":{"showFog":true,"showMaterialUpdate":false,"showSkybox":true,"showFlares":true,"showImageEffects":true,"showParticleSystems":true},"in2DMode":false,"pivot":{"x":-473.847900390625,"y":68.10139465332031,"z":-101.39144897460938},"rotation":{"x":0.2908170819282532,"y":-0.050201497972011569,"z":0.015281864441931248,"w":0.9553396105766296},"size":1387.106201171875,"orthographic":true}