{"cameraMode":{"drawMode":0,"name":"Shaded","section":"Shading Mode"},"sceneLighting":true,"audioPlay":false,"sceneViewState":{"showFog":true,"showMaterialUpdate":false,"showSkybox":true,"showFlares":true,"showImageEffects":true,"showParticleSystems":true},"in2DMode":false,"pivot":{"x":-72.23904418945313,"y":68.02667236328125,"z":7.014925956726074},"rotation":{"x":0.02549583651125431,"y":-0.010496282018721104,"z":0.000267715920927003,"w":0.9996206164360046},"size":1695.585693359375,"orthographic":true}