{"cameraMode":{"drawMode":0,"name":"Shaded","section":"Shading Mode"},"sceneLighting":false,"audioPlay":false,"sceneViewState":{"showFog":true,"showMaterialUpdate":false,"showSkybox":false,"showFlares":true,"showImageEffects":true,"showParticleSystems":true},"in2DMode":false,"pivot":{"x":-0.09393119812011719,"y":7.439981460571289,"z":0.06397819519042969},"rotation":{"x":0.015898369252681733,"y":-0.013501749373972416,"z":0.00021593265410047024,"w":0.9997860789299011},"size":44.96746826171875,"orthographic":false}