{"cameraMode":{"drawMode":0,"name":"Shaded","section":"Shading Mode"},"sceneLighting":true,"audioPlay":false,"sceneViewState":{"showFog":true,"showMaterialUpdate":false,"showSkybox":false,"showFlares":true,"showImageEffects":true,"showParticleSystems":true},"in2DMode":false,"pivot":{"x":1.3213787078857422,"y":2.937657356262207,"z":3.547369956970215},"rotation":{"x":0.020997973158955575,"y":0.0059985024854540829,"z":-0.0001263722951989621,"w":0.999762773513794},"size":33.8524169921875,"orthographic":true}