{"cameraMode":{"drawMode":0,"name":"Shaded","section":"Shading Mode"},"sceneLighting":true,"audioPlay":false,"sceneViewState":{"showFog":true,"showMaterialUpdate":false,"showSkybox":true,"showFlares":true,"showImageEffects":true,"showParticleSystems":true},"in2DMode":false,"pivot":{"x":-222.8220977783203,"y":10.838030815124512,"z":38.17036056518555},"rotation":{"x":0.4633064866065979,"y":-0.32336729764938357,"z":0.1864018738269806,"w":0.8037765026092529},"size":53.331363677978519,"orthographic":true}