{"cameraMode":{"drawMode":0,"name":"Shaded","section":"Shading Mode"},"sceneLighting":false,"audioPlay":false,"sceneViewState":{"showFog":true,"showMaterialUpdate":false,"showSkybox":false,"showFlares":true,"showImageEffects":true,"showParticleSystems":true},"in2DMode":false,"pivot":{"x":0.0,"y":-0.022575192153453828,"z":-0.003307439386844635},"rotation":{"x":0.24592429399490357,"y":0.46961820125579836,"z":-0.13804464042186738,"w":0.8366174101829529},"size":1.333143711090088,"orthographic":true}