{"cameraMode":{"drawMode":0,"name":"Shaded","section":"Shading Mode"},"sceneLighting":false,"audioPlay":false,"sceneViewState":{"showFog":true,"showMaterialUpdate":false,"showSkybox":false,"showFlares":true,"showImageEffects":true,"showParticleSystems":true},"in2DMode":false,"pivot":{"x":-0.0016447340603917838,"y":0.04639003425836563,"z":-0.014190991409122944},"rotation":{"x":-0.0024332136381417515,"y":0.9973601698875427,"z":-0.040115468204021457,"w":-0.060518261045217517},"size":0.5123633146286011,"orthographic":false}