{"cameraMode":{"drawMode":0,"name":"Shaded","section":"Shading Mode"},"sceneLighting":false,"audioPlay":false,"sceneViewState":{"showFog":true,"showMaterialUpdate":false,"showSkybox":false,"showFlares":true,"showImageEffects":true,"showParticleSystems":true},"in2DMode":false,"pivot":{"x":0.05024884268641472,"y":0.06705298274755478,"z":-0.022188685834407808},"rotation":{"x":-0.0024332136381417515,"y":0.9973601698875427,"z":-0.040115468204021457,"w":-0.060518261045217517},"size":0.1728101372718811,"orthographic":false}