{"cameraMode":{"drawMode":0,"name":"Shaded","section":"Shading Mode"},"sceneLighting":true,"audioPlay":false,"sceneViewState":{"showFog":true,"showMaterialUpdate":false,"showSkybox":true,"showFlares":true,"showImageEffects":true,"showParticleSystems":true},"in2DMode":false,"pivot":{"x":-1353.43701171875,"y":0.052000343799591067,"z":6.551873683929443},"rotation":{"x":0.1366949826478958,"y":-0.06236552447080612,"z":0.008625679649412632,"w":0.9886189699172974},"size":51.066741943359378,"orthographic":true}