{"cameraMode":{"drawMode":0,"name":"Shaded","section":"Shading Mode"},"sceneLighting":true,"audioPlay":false,"sceneViewState":{"showFog":true,"showMaterialUpdate":false,"showSkybox":true,"showFlares":true,"showImageEffects":true,"showParticleSystems":true},"in2DMode":false,"pivot":{"x":416.9275207519531,"y":14.043609619140625,"z":783.374267578125},"rotation":{"x":-0.10342369228601456,"y":0.06172317638993263,"z":-0.00643060402944684,"w":-0.9927000999450684},"size":2141.824462890625,"orthographic":false}