{"cameraMode":{"drawMode":0,"name":"Shaded","section":"Shading Mode"},"sceneLighting":true,"audioPlay":false,"sceneViewState":{"showFog":true,"showMaterialUpdate":false,"showSkybox":true,"showFlares":true,"showImageEffects":true,"showParticleSystems":true},"in2DMode":false,"pivot":{"x":475.6468505859375,"y":95.30778503417969,"z":76.21894836425781},"rotation":{"x":0.6446007490158081,"y":1.6025012428144692e-7,"z":-7.137520441347078e-8,"w":0.7645207047462463},"size":1733.53662109375,"orthographic":true}