{"cameraMode":{"drawMode":0,"name":"Shaded","section":"Shading Mode"},"sceneLighting":true,"audioPlay":false,"sceneViewState":{"showFog":true,"showMaterialUpdate":false,"showSkybox":true,"showFlares":true,"showImageEffects":true,"showParticleSystems":true},"in2DMode":false,"pivot":{"x":634.328857421875,"y":72.75001525878906,"z":-10.218754768371582},"rotation":{"x":0.666999340057373,"y":0.02010827325284481,"z":-0.01801338791847229,"w":0.7445701360702515},"size":1658.78955078125,"orthographic":true}