{"cameraMode":{"drawMode":0,"name":"Shaded","section":"Shading Mode"},"sceneLighting":false,"audioPlay":false,"sceneViewState":{"showFog":true,"showMaterialUpdate":false,"showSkybox":false,"showFlares":true,"showImageEffects":true,"showParticleSystems":true},"in2DMode":false,"pivot":{"x":-36.125091552734378,"y":259.1912536621094,"z":-47.414154052734378},"rotation":{"x":0.14802391827106477,"y":0.19271162152290345,"z":-0.029422791674733163,"w":0.9695851802825928},"size":11.083233833312989,"orthographic":true}