{"cameraMode":{"drawMode":0,"name":"Shaded","section":"Shading Mode"},"sceneLighting":true,"audioPlay":false,"sceneViewState":{"showFog":true,"showMaterialUpdate":false,"showSkybox":true,"showFlares":true,"showImageEffects":true,"showParticleSystems":true},"in2DMode":false,"pivot":{"x":-1262.6802978515625,"y":-90.35110473632813,"z":24.407997131347658},"rotation":{"x":0.4280771017074585,"y":-0.021686475723981859,"z":0.01027576345950365,"w":0.9034236669540405},"size":330.3821105957031,"orthographic":true}