{"cameraMode":{"drawMode":0,"name":"Shaded","section":"Shading Mode"},"sceneLighting":true,"audioPlay":false,"sceneViewState":{"showFog":true,"showMaterialUpdate":false,"showSkybox":false,"showFlares":true,"showImageEffects":true,"showParticleSystems":true},"in2DMode":false,"pivot":{"x":3.220348834991455,"y":7.339305877685547,"z":0.0},"rotation":{"x":0.03448552265763283,"y":0.02098601497709751,"z":-0.0007242922438308597,"w":0.9991843700408936},"size":22.124948501586915,"orthographic":true}