{"cameraMode":{"drawMode":0,"name":"Shaded","section":"Shading Mode"},"sceneLighting":true,"audioPlay":false,"sceneViewState":{"showFog":true,"showMaterialUpdate":false,"showSkybox":true,"showFlares":true,"showImageEffects":true,"showParticleSystems":true},"in2DMode":false,"pivot":{"x":-1255.9527587890625,"y":6.825192451477051,"z":6.705873489379883},"rotation":{"x":0.02549583651125431,"y":-0.010496282018721104,"z":0.000267715920927003,"w":0.9996206164360046},"size":106.53541564941406,"orthographic":true}