{"cameraMode":{"drawMode":0,"name":"Shaded","section":"Shading Mode"},"sceneLighting":true,"audioPlay":false,"sceneViewState":{"showFog":true,"showMaterialUpdate":false,"showSkybox":true,"showFlares":true,"showImageEffects":true,"showParticleSystems":true},"in2DMode":false,"pivot":{"x":-1285.10595703125,"y":9.9990234375,"z":6.4453125},"rotation":{"x":0.02549583651125431,"y":-0.010496282018721104,"z":0.000267715920927003,"w":0.9996206164360046},"size":53.71538162231445,"orthographic":true}