{"cameraMode":{"drawMode":0,"name":"Shaded","section":"Shading Mode"},"sceneLighting":true,"audioPlay":false,"sceneViewState":{"showFog":true,"showMaterialUpdate":false,"showSkybox":true,"showFlares":true,"showImageEffects":true,"showParticleSystems":true},"in2DMode":false,"pivot":{"x":617.9703369140625,"y":0.7730345726013184,"z":2.0250091552734377},"rotation":{"x":0.6727868318557739,"y":-0.03347695246338844,"z":0.030501550063490869,"w":0.7384538054466248},"size":94.69585418701172,"orthographic":false}