{"cameraMode":{"drawMode":0,"name":"Shaded","section":"Shading Mode"},"sceneLighting":true,"audioPlay":false,"sceneViewState":{"showFog":true,"showMaterialUpdate":true,"showSkybox":true,"showFlares":true,"showImageEffects":true,"showParticleSystems":true},"in2DMode":false,"pivot":{"x":349.02569580078127,"y":29.607162475585939,"z":-6.75},"rotation":{"x":0.07941623032093048,"y":-0.0014952622586861253,"z":0.00011912443733308464,"w":0.9968404769897461},"size":177.10452270507813,"orthographic":true}