{"cameraMode":{"drawMode":0,"name":"Shaded","section":"Shading Mode"},"sceneLighting":true,"audioPlay":false,"sceneViewState":{"showFog":true,"showMaterialUpdate":true,"showSkybox":true,"showFlares":true,"showImageEffects":true,"showParticleSystems":true},"in2DMode":false,"pivot":{"x":-1275.566162109375,"y":0.9268348813056946,"z":6.222346782684326},"rotation":{"x":0.025497157126665117,"y":0.002999020041897893,"z":-0.00007649160397704691,"w":0.9996700286865234},"size":49.40700149536133,"orthographic":true}