{"cameraMode":{"drawMode":0,"name":"Shaded","section":"Shading Mode"},"sceneLighting":true,"audioPlay":false,"sceneViewState":{"showFog":true,"showMaterialUpdate":true,"showSkybox":true,"showFlares":true,"showImageEffects":true,"showParticleSystems":true},"in2DMode":false,"pivot":{"x":-872.828857421875,"y":-121.41015625,"z":14.8461275100708},"rotation":{"x":0.04648137465119362,"y":0.008990153670310974,"z":-0.00041834384319372475,"w":0.9988788366317749},"size":192.718017578125,"orthographic":true}
