{"cameraMode":{"drawMode":0,"name":"Shaded","section":"Shading Mode"},"sceneLighting":true,"audioPlay":false,"sceneViewState":{"showFog":true,"showMaterialUpdate":false,"showSkybox":true,"showFlares":true,"showImageEffects":true,"showParticleSystems":true},"in2DMode":false,"pivot":{"x":186.19198608398438,"y":41.353416442871097,"z":-60.68439483642578},"rotation":{"x":0.20109163224697114,"y":0.016162123531103135,"z":-0.0033183174673467876,"w":0.9794338345527649},"size":496.7416687011719,"orthographic":true}