{"cameraMode":{"drawMode":0,"name":"Shaded","section":"Shading Mode"},"sceneLighting":true,"audioPlay":false,"sceneViewState":{"showFog":true,"showMaterialUpdate":false,"showSkybox":true,"showFlares":true,"showImageEffects":true,"showParticleSystems":true},"in2DMode":false,"pivot":{"x":78.11250305175781,"y":154.4512481689453,"z":-219.99240112304688},"rotation":{"x":0.03551695495843887,"y":-0.0984770879149437,"z":0.0035169506445527078,"w":0.9944993853569031},"size":320.515625,"orthographic":true}