{"cameraMode":{"drawMode":0,"name":"Shaded","section":"Shading Mode"},"sceneLighting":true,"audioPlay":false,"sceneViewState":{"showFog":true,"showMaterialUpdate":false,"showSkybox":true,"showFlares":true,"showImageEffects":true,"showParticleSystems":true},"in2DMode":false,"pivot":{"x":-53.89719009399414,"y":127.28855895996094,"z":-0.75},"rotation":{"x":0.20109163224697114,"y":0.016162123531103135,"z":-0.0033183174673467876,"w":0.9794338345527649},"size":900.8702392578125,"orthographic":true}