{"cameraMode":{"drawMode":0,"name":"Shaded","section":"Shading Mode"},"sceneLighting":true,"audioPlay":false,"sceneViewState":{"showFog":true,"showMaterialUpdate":false,"showSkybox":true,"showFlares":true,"showImageEffects":true,"showParticleSystems":true},"in2DMode":false,"pivot":{"x":100.4624252319336,"y":10.299972534179688,"z":-10.879157066345215},"rotation":{"x":0.6823673248291016,"y":0.13819792866706849,"z":-0.13371101021766663,"w":0.7052649855613709},"size":1794.3380126953125,"orthographic":true}