{"cameraMode":{"drawMode":0,"name":"Shaded","section":"Shading Mode"},"sceneLighting":true,"audioPlay":false,"sceneViewState":{"showFog":true,"showMaterialUpdate":false,"showSkybox":false,"showFlares":true,"showImageEffects":true,"showParticleSystems":true},"in2DMode":false,"pivot":{"x":4.249277114868164,"y":6.856560230255127,"z":4.16989803314209},"rotation":{"x":0.0850754976272583,"y":-0.43060606718063357,"z":0.04081142321228981,"w":0.897600531578064},"size":27.009002685546876,"orthographic":true}