{"cameraMode":{"drawMode":0,"name":"Shaded","section":"Shading Mode"},"sceneLighting":true,"audioPlay":false,"sceneViewState":{"showFog":true,"showMaterialUpdate":false,"showSkybox":false,"showFlares":true,"showImageEffects":true,"showParticleSystems":true},"in2DMode":false,"pivot":{"x":1.760237455368042,"y":2.9648258686065676,"z":0.22007669508457185},"rotation":{"x":0.01589016430079937,"y":-0.03448743373155594,"z":0.0005498409154824913,"w":0.9992863535881043},"size":44.87260437011719,"orthographic":true}