{"cameraMode":{"drawMode":0,"name":"Shaded","section":"Shading Mode"},"sceneLighting":true,"audioPlay":false,"sceneViewState":{"showFog":true,"showMaterialUpdate":false,"showSkybox":true,"showFlares":true,"showImageEffects":true,"showParticleSystems":true},"in2DMode":false,"pivot":{"x":-2192.351806640625,"y":-460.60699462890627,"z":-223.3768310546875},"rotation":{"x":0.18608497083187104,"y":0.057441964745521548,"z":-0.010898904874920845,"w":0.9807955622673035},"size":3668.426513671875,"orthographic":true}