{"cameraMode":{"drawMode":0,"name":"Shaded","section":"Shading Mode"},"sceneLighting":true,"audioPlay":false,"sceneViewState":{"showFog":true,"showMaterialUpdate":false,"showSkybox":true,"showFlares":true,"showImageEffects":true,"showParticleSystems":true},"in2DMode":false,"pivot":{"x":259.7694396972656,"y":-4.255401611328125,"z":-201.82911682128907},"rotation":{"x":0.024683037772774698,"y":-0.9752955436706543,"z":0.15189200639724732,"w":0.15848974883556367},"size":1022.4720458984375,"orthographic":true}