{"cameraMode":{"drawMode":0,"name":"Shaded","section":"Shading Mode"},"sceneLighting":true,"audioPlay":false,"sceneViewState":{"showFog":true,"showMaterialUpdate":false,"showSkybox":true,"showFlares":true,"showImageEffects":true,"showParticleSystems":true},"in2DMode":false,"pivot":{"x":-3727.583740234375,"y":447.2499084472656,"z":-1042.5745849609375},"rotation":{"x":0.21080507338047028,"y":8.366490078515199e-8,"z":3.550151106423982e-8,"w":0.9775289297103882},"size":3.524468421936035,"orthographic":false}