{"cameraMode":{"drawMode":0,"name":"Shaded","section":"Shading Mode"},"sceneLighting":false,"audioPlay":false,"sceneViewState":{"showFog":true,"showMaterialUpdate":false,"showSkybox":false,"showFlares":true,"showImageEffects":true,"showParticleSystems":true},"in2DMode":false,"pivot":{"x":0.0,"y":-0.022575192153453828,"z":-0.003307439386844635},"rotation":{"x":0.06465955823659897,"y":-0.9170830249786377,"z":0.16631080210208894,"w":0.3565429151058197},"size":0.7547083497047424,"orthographic":true}