{"cameraMode":{"drawMode":0,"name":"Shaded","section":"Shading Mode"},"sceneLighting":true,"audioPlay":false,"sceneViewState":{"showFog":true,"showMaterialUpdate":false,"showSkybox":true,"showFlares":true,"showImageEffects":true,"showParticleSystems":true},"in2DMode":false,"pivot":{"x":594.600830078125,"y":-211.86968994140626,"z":-68.7198486328125},"rotation":{"x":0.5289774537086487,"y":-0.002545898547396064,"z":0.0015869374619796873,"w":0.848630428314209},"size":984.2841186523438,"orthographic":true}