{"cameraMode":{"drawMode":0,"name":"Shaded","section":"Shading Mode"},"sceneLighting":true,"audioPlay":false,"sceneViewState":{"showFog":true,"showMaterialUpdate":false,"showSkybox":true,"showFlares":true,"showImageEffects":true,"showParticleSystems":true},"in2DMode":false,"pivot":{"x":-4381.7890625,"y":-143.68661499023438,"z":594.9362182617188},"rotation":{"x":0.16644233465194703,"y":0.09450428187847138,"z":-0.01602792553603649,"w":0.9813868999481201},"size":911.7403564453125,"orthographic":false}