{"cameraMode":{"drawMode":0,"name":"Shaded","section":"Shading Mode"},"sceneLighting":false,"audioPlay":false,"sceneViewState":{"showFog":true,"showMaterialUpdate":false,"showSkybox":false,"showFlares":true,"showImageEffects":true,"showParticleSystems":true},"in2DMode":false,"pivot":{"x":-3478.84033203125,"y":-0.2188776135444641,"z":4.4474358558654789},"rotation":{"x":-0.017176831141114236,"y":-0.9678829312324524,"z":0.06893021613359451,"w":-0.24117383360862733},"size":0.6600815653800964,"orthographic":true}