{"cameraMode":{"drawMode":0,"name":"Shaded","section":"Shading Mode"},"sceneLighting":false,"audioPlay":false,"sceneViewState":{"showFog":true,"showMaterialUpdate":false,"showSkybox":false,"showFlares":true,"showImageEffects":true,"showParticleSystems":true},"in2DMode":false,"pivot":{"x":-1.1920928955078126e-7,"y":0.5250961780548096,"z":-1.7881393432617188e-7},"rotation":{"x":0.29573002457618716,"y":-0.6316706538200378,"z":0.2839066684246063,"w":0.6579818725585938},"size":1.4952986240386963,"orthographic":true}