{"cameraMode":{"drawMode":0,"name":"Shaded","section":"Shading Mode"},"sceneLighting":true,"audioPlay":false,"sceneViewState":{"showFog":true,"showMaterialUpdate":false,"showSkybox":true,"showFlares":true,"showImageEffects":true,"showParticleSystems":true},"in2DMode":false,"pivot":{"x":967.5844116210938,"y":-14.121249198913575,"z":-390.9588623046875},"rotation":{"x":-0.009918550960719586,"y":-0.92972731590271,"z":0.025108831003308297,"w":-0.3672584891319275},"size":323.49700927734377,"orthographic":false}