{"cameraMode":{"drawMode":0,"name":"Shaded","section":"Shading Mode"},"sceneLighting":true,"audioPlay":false,"sceneViewState":{"showFog":true,"showMaterialUpdate":false,"showSkybox":true,"showFlares":true,"showImageEffects":true,"showParticleSystems":true},"in2DMode":false,"pivot":{"x":-3033.2392578125,"y":7.8138556480407719,"z":-34.262508392333987},"rotation":{"x":0.06900312006473541,"y":-0.6224542856216431,"z":0.05523097515106201,"w":0.7776545882225037},"size":46.23611831665039,"orthographic":true}