{"cameraMode":{"drawMode":0,"name":"Shaded","section":"Shading Mode"},"sceneLighting":true,"audioPlay":false,"sceneViewState":{"showFog":true,"showMaterialUpdate":false,"showSkybox":true,"showFlares":true,"showImageEffects":true,"showParticleSystems":true},"in2DMode":false,"pivot":{"x":-4316.42236328125,"y":6.7080488204956059,"z":7.2890625},"rotation":{"x":0.025474756956100465,"y":0.04197383671998978,"z":-0.0010706387693062425,"w":0.9987938404083252},"size":426.21270751953127,"orthographic":true}