{"cameraMode":{"drawMode":0,"name":"Shaded","section":"Shading Mode"},"sceneLighting":true,"audioPlay":false,"sceneViewState":{"showFog":true,"showMaterialUpdate":false,"showSkybox":true,"showFlares":true,"showImageEffects":true,"showParticleSystems":true},"in2DMode":false,"pivot":{"x":-4614.2998046875,"y":-1.3169050216674805,"z":10.21440601348877},"rotation":{"x":0.13929009437561036,"y":0.02732721157371998,"z":-0.003845383645966649,"w":0.9898674488067627},"size":163.7022705078125,"orthographic":true}