{"cameraMode":{"drawMode":0,"name":"Shaded","section":"Shading Mode"},"sceneLighting":false,"audioPlay":false,"sceneViewState":{"showFog":true,"showMaterialUpdate":false,"showSkybox":false,"showFlares":true,"showImageEffects":true,"showParticleSystems":true},"in2DMode":false,"pivot":{"x":0.0,"y":-0.022575192153453828,"z":-0.003307439386844635},"rotation":{"x":0.10571174323558808,"y":-0.762161135673523,"z":0.128789022564888,"w":0.6255822777748108},"size":1.1088950634002686,"orthographic":true}