{"cameraMode":{"drawMode":0,"name":"Shaded","section":"Shading Mode"},"sceneLighting":true,"audioPlay":false,"sceneViewState":{"showFog":true,"showMaterialUpdate":false,"showSkybox":false,"showFlares":true,"showImageEffects":true,"showParticleSystems":true},"in2DMode":false,"pivot":{"x":26.603885650634767,"y":-9.179817199707032,"z":-22.55167007446289},"rotation":{"x":0.017410961911082269,"y":-0.6879990100860596,"z":0.016515109688043596,"w":0.7253164649009705},"size":54.272579193115237,"orthographic":true}