{"cameraMode":{"drawMode":0,"name":"Shaded","section":"Shading Mode"},"sceneLighting":false,"audioPlay":false,"sceneViewState":{"showFog":true,"showMaterialUpdate":false,"showSkybox":false,"showFlares":true,"showImageEffects":true,"showParticleSystems":true},"in2DMode":false,"pivot":{"x":-2428.08154296875,"y":1471.2447509765625,"z":-788.513427734375},"rotation":{"x":-0.0029267098288983108,"y":-0.9798872470855713,"z":0.1990395188331604,"w":-0.014409529976546765},"size":0.7194728255271912,"orthographic":true}