{"cameraMode":{"drawMode":0,"name":"Shaded","section":"Shading Mode"},"sceneLighting":true,"audioPlay":false,"sceneViewState":{"showFog":true,"showMaterialUpdate":false,"showSkybox":true,"showFlares":true,"showImageEffects":true,"showParticleSystems":true},"in2DMode":false,"pivot":{"x":-664.4033203125,"y":6.441210746765137,"z":5.238131523132324},"rotation":{"x":0.08809075504541397,"y":-0.08089274913072586,"z":0.007177409715950489,"w":0.9927976131439209},"size":2494.088134765625,"orthographic":true}