{"cameraMode":{"drawMode":0,"name":"Shaded","section":"Shading Mode"},"sceneLighting":false,"audioPlay":false,"sceneViewState":{"showFog":true,"showMaterialUpdate":false,"showSkybox":false,"showFlares":true,"showImageEffects":true,"showParticleSystems":true},"in2DMode":false,"pivot":{"x":-36.12508010864258,"y":259.1912536621094,"z":-47.414161682128909},"rotation":{"x":0.027613142505288125,"y":-0.6941870450973511,"z":0.026668528094887735,"w":0.71877121925354},"size":7.898803234100342,"orthographic":true}