{"cameraMode":{"drawMode":0,"name":"Shaded","section":"Shading Mode"},"sceneLighting":true,"audioPlay":false,"sceneViewState":{"showFog":true,"showMaterialUpdate":false,"showSkybox":true,"showFlares":true,"showImageEffects":true,"showParticleSystems":true},"in2DMode":false,"pivot":{"x":478.9292907714844,"y":223.71246337890626,"z":15.724992752075196},"rotation":{"x":0.28631314635276797,"y":0.01149730198085308,"z":-0.0034359279088675977,"w":0.9580616354942322},"size":650.8784790039063,"orthographic":true}