{"cameraMode":{"drawMode":0,"name":"Shaded","section":"Shading Mode"},"sceneLighting":false,"audioPlay":false,"sceneViewState":{"showFog":true,"showMaterialUpdate":false,"showSkybox":false,"showFlares":true,"showImageEffects":true,"showParticleSystems":true},"in2DMode":false,"pivot":{"x":-36.12508010864258,"y":259.1912536621094,"z":-47.414161682128909},"rotation":{"x":0.5289774537086487,"y":-0.002545898547396064,"z":0.0015869374619796873,"w":0.848630428314209},"size":12.80744457244873,"orthographic":true}