{"cameraMode":{"drawMode":0,"name":"Shaded","section":"Shading Mode"},"sceneLighting":false,"audioPlay":false,"sceneViewState":{"showFog":true,"showMaterialUpdate":false,"showSkybox":false,"showFlares":true,"showImageEffects":true,"showParticleSystems":true},"in2DMode":false,"pivot":{"x":0.009964525699615479,"y":0.8046784996986389,"z":0.1297844648361206},"rotation":{"x":0.043068911880254748,"y":-0.9567743539810181,"z":0.1943453848361969,"w":0.21204160153865815},"size":2.0114855766296388,"orthographic":true}