{"cameraMode":{"drawMode":0,"name":"Shaded","section":"Shading Mode"},"sceneLighting":false,"audioPlay":false,"sceneViewState":{"showFog":true,"showMaterialUpdate":false,"showSkybox":false,"showFlares":true,"showImageEffects":true,"showParticleSystems":true},"in2DMode":false,"pivot":{"x":-2272.1005859375,"y":1169.3809814453125,"z":-623.84619140625},"rotation":{"x":-0.014244119636714459,"y":-0.9857287406921387,"z":0.12245865166187287,"w":-0.11466409265995026},"size":0.8596425652503967,"orthographic":true}