{"cameraMode":{"drawMode":0,"name":"Shaded","section":"Shading Mode"},"sceneLighting":true,"audioPlay":false,"sceneViewState":{"showFog":true,"showMaterialUpdate":false,"showSkybox":true,"showFlares":true,"showImageEffects":true,"showParticleSystems":true},"in2DMode":false,"pivot":{"x":-3330.545654296875,"y":462.43438720703127,"z":-241.27659606933595},"rotation":{"x":0.1819729208946228,"y":-0.00884959939867258,"z":0.0016378003638237715,"w":0.9832621812820435},"size":786.0714111328125,"orthographic":true}