{"cameraMode":{"drawMode":0,"name":"Shaded","section":"Shading Mode"},"sceneLighting":true,"audioPlay":false,"sceneViewState":{"showFog":true,"showMaterialUpdate":false,"showSkybox":true,"showFlares":true,"showImageEffects":true,"showParticleSystems":true},"in2DMode":false,"pivot":{"x":-2902.32080078125,"y":-2.2661097049713136,"z":30.38810157775879},"rotation":{"x":0.1294192373752594,"y":0.18039709329605103,"z":-0.023951690644025804,"w":0.9747480750083923},"size":36.94014358520508,"orthographic":true}