{"cameraMode":{"drawMode":0,"name":"Shaded","section":"Shading Mode"},"sceneLighting":false,"audioPlay":false,"sceneViewState":{"showFog":true,"showMaterialUpdate":false,"showSkybox":false,"showFlares":true,"showImageEffects":true,"showParticleSystems":true},"in2DMode":false,"pivot":{"x":0.0,"y":-0.022575192153453828,"z":-0.003307439386844635},"rotation":{"x":0.001176031306385994,"y":-0.9760392904281616,"z":0.0052687241695821289,"w":0.21754032373428346},"size":0.7547083497047424,"orthographic":true}