{"cameraMode":{"drawMode":0,"name":"Shaded","section":"Shading Mode"},"sceneLighting":true,"audioPlay":false,"sceneViewState":{"showFog":true,"showMaterialUpdate":false,"showSkybox":true,"showFlares":true,"showImageEffects":true,"showParticleSystems":true},"in2DMode":false,"pivot":{"x":-2266.46533203125,"y":-41.3298225402832,"z":-48.04546356201172},"rotation":{"x":0.1626037061214447,"y":-0.044680576771497729,"z":0.007370880804955959,"w":0.985652506351471},"size":1714.2384033203125,"orthographic":true}