{"cameraMode":{"drawMode":0,"name":"Shaded","section":"Shading Mode"},"sceneLighting":true,"audioPlay":false,"sceneViewState":{"showFog":true,"showMaterialUpdate":false,"showSkybox":true,"showFlares":true,"showImageEffects":true,"showParticleSystems":true},"in2DMode":false,"pivot":{"x":-4230.078125,"y":19.892297744750978,"z":150.05026245117188},"rotation":{"x":0.167168527841568,"y":-0.022181358188390733,"z":0.003761926433071494,"w":0.9856714010238648},"size":212.18226623535157,"orthographic":true}