{"cameraMode":{"drawMode":0,"name":"Shaded","section":"Shading Mode"},"sceneLighting":true,"audioPlay":false,"sceneViewState":{"showFog":true,"showMaterialUpdate":false,"showSkybox":true,"showFlares":true,"showImageEffects":true,"showParticleSystems":true},"in2DMode":false,"pivot":{"x":-4410.04833984375,"y":5.150483131408691,"z":28.514352798461915},"rotation":{"x":0.22558194398880006,"y":-0.061329204589128497,"z":0.014230437576770783,"w":0.9721901416778565},"size":1969.8861083984375,"orthographic":true}