{"cameraMode":{"drawMode":0,"name":"Shaded","section":"Shading Mode"},"sceneLighting":true,"audioPlay":false,"sceneViewState":{"showFog":true,"showMaterialUpdate":false,"showSkybox":false,"showFlares":true,"showImageEffects":true,"showParticleSystems":true},"in2DMode":false,"pivot":{"x":26.73112678527832,"y":-7.879516124725342,"z":-5.4974365234375},"rotation":{"x":0.017410961911082269,"y":-0.6879990100860596,"z":0.016515109688043596,"w":0.7253164649009705},"size":61.061424255371097,"orthographic":true}