{"cameraMode":{"drawMode":0,"name":"Shaded","section":"Shading Mode"},"sceneLighting":true,"audioPlay":false,"sceneViewState":{"showFog":true,"showMaterialUpdate":false,"showSkybox":true,"showFlares":true,"showImageEffects":true,"showParticleSystems":true},"in2DMode":false,"pivot":{"x":-140.1666259765625,"y":5.190000534057617,"z":29.200000762939454},"rotation":{"x":0.5710511207580566,"y":0.350869357585907,"z":-0.29403600096702578,"w":0.6814247369766235},"size":71.6060791015625,"orthographic":true}