{"cameraMode":{"drawMode":0,"name":"Shaded","section":"Shading Mode"},"sceneLighting":true,"audioPlay":false,"sceneViewState":{"showFog":true,"showMaterialUpdate":false,"showSkybox":true,"showFlares":true,"showImageEffects":true,"showParticleSystems":true},"in2DMode":false,"pivot":{"x":-3313.700927734375,"y":21.37576675415039,"z":191.11160278320313},"rotation":{"x":0.27847573161125185,"y":-0.06620480120182038,"z":0.019245320931077005,"w":0.9579672813415527},"size":2303.07470703125,"orthographic":false}