{"cameraMode":{"drawMode":0,"name":"Shaded","section":"Shading Mode"},"sceneLighting":true,"audioPlay":false,"sceneViewState":{"showFog":true,"showMaterialUpdate":false,"showSkybox":false,"showFlares":true,"showImageEffects":true,"showParticleSystems":true},"in2DMode":false,"pivot":{"x":1.760237455368042,"y":2.9648258686065676,"z":0.22007669508457185},"rotation":{"x":0.0428159274160862,"y":-0.7093915343284607,"z":0.043256308883428577,"w":0.7021921277046204},"size":13.154614448547364,"orthographic":true}