{"cameraMode":{"drawMode":0,"name":"Shaded","section":"Shading Mode"},"sceneLighting":false,"audioPlay":false,"sceneViewState":{"showFog":true,"showMaterialUpdate":false,"showSkybox":false,"showFlares":true,"showImageEffects":true,"showParticleSystems":true},"in2DMode":false,"pivot":{"x":-1.2650671005249024,"y":-0.6401717662811279,"z":-4.380155086517334},"rotation":{"x":0.247883141040802,"y":-0.00639613252133131,"z":0.001636557630263269,"w":0.9687679409980774},"size":16.753662109375,"orthographic":true}