{"cameraMode":{"drawMode":0,"name":"Shaded","section":"Shading Mode"},"sceneLighting":true,"audioPlay":false,"sceneViewState":{"showFog":true,"showMaterialUpdate":false,"showSkybox":true,"showFlares":true,"showImageEffects":true,"showParticleSystems":true},"in2DMode":false,"pivot":{"x":1421.3349609375,"y":-120.6500015258789,"z":40.89801788330078},"rotation":{"x":0.500112771987915,"y":-0.36671358346939089,"z":0.24622532725334168,"w":0.7448402047157288},"size":2118.814208984375,"orthographic":true}