{"cameraMode":{"drawMode":0,"name":"Shaded","section":"Shading Mode"},"sceneLighting":true,"audioPlay":false,"sceneViewState":{"showFog":true,"showMaterialUpdate":false,"showSkybox":true,"showFlares":true,"showImageEffects":true,"showParticleSystems":true},"in2DMode":false,"pivot":{"x":-2679.4150390625,"y":-162.9818572998047,"z":257.13916015625},"rotation":{"x":0.16644233465194703,"y":0.09450428187847138,"z":-0.01602792553603649,"w":0.9813868999481201},"size":815.093505859375,"orthographic":false}