{"cameraMode":{"drawMode":0,"name":"Shaded","section":"Shading Mode"},"sceneLighting":true,"audioPlay":false,"sceneViewState":{"showFog":true,"showMaterialUpdate":false,"showSkybox":true,"showFlares":true,"showImageEffects":true,"showParticleSystems":true},"in2DMode":false,"pivot":{"x":-1661.509033203125,"y":51.469459533691409,"z":155.22021484375},"rotation":{"x":0.3123921751976013,"y":-0.03988249599933624,"z":0.013128288090229035,"w":0.9490261673927307},"size":937.9613647460938,"orthographic":true}