{"cameraMode":{"drawMode":0,"name":"Shaded","section":"Shading Mode"},"sceneLighting":true,"audioPlay":false,"sceneViewState":{"showFog":true,"showMaterialUpdate":false,"showSkybox":true,"showFlares":true,"showImageEffects":true,"showParticleSystems":true},"in2DMode":false,"pivot":{"x":1304.3409423828125,"y":429.1421813964844,"z":-394.1111145019531},"rotation":{"x":0.6323577165603638,"y":-0.11488189548254013,"z":0.09557152539491654,"w":0.7601266503334045},"size":340.7284240722656,"orthographic":true}