{"cameraMode":{"drawMode":0,"name":"Shaded","section":"Shading Mode"},"sceneLighting":true,"audioPlay":false,"sceneViewState":{"showFog":true,"showMaterialUpdate":false,"showSkybox":true,"showFlares":true,"showImageEffects":true,"showParticleSystems":true},"in2DMode":false,"pivot":{"x":-4227.6650390625,"y":25.2650089263916,"z":65.71153259277344},"rotation":{"x":0.22558194398880006,"y":-0.061329204589128497,"z":0.014230437576770783,"w":0.9721901416778565},"size":244.79400634765626,"orthographic":true}