{"cameraMode":{"drawMode":0,"name":"Shaded","section":"Shading Mode"},"sceneLighting":true,"audioPlay":false,"sceneViewState":{"showFog":true,"showMaterialUpdate":false,"showSkybox":true,"showFlares":true,"showImageEffects":true,"showParticleSystems":true},"in2DMode":false,"pivot":{"x":-3063.4111328125,"y":-0.4312500059604645,"z":-6.030949592590332},"rotation":{"x":0.33315667510032656,"y":-0.03534630313515663,"z":0.012499235570430756,"w":0.9421259164810181},"size":131.00180053710938,"orthographic":true}