{"cameraMode":{"drawMode":0,"name":"Shaded","section":"Shading Mode"},"sceneLighting":true,"audioPlay":false,"sceneViewState":{"showFog":true,"showMaterialUpdate":false,"showSkybox":false,"showFlares":true,"showImageEffects":true,"showParticleSystems":true},"in2DMode":false,"pivot":{"x":2.8447213172912599,"y":5.670004367828369,"z":1.644728183746338},"rotation":{"x":0.0850754976272583,"y":-0.43060606718063357,"z":0.04081142321228981,"w":0.897600531578064},"size":45.80406188964844,"orthographic":true}